\c access;

-- users
INSERT INTO users (us_email, us_password) VALUES ('bob@bobson.com', 'ashuidgfashjkgd');
INSERT INTO users (us_email, us_password) VALUES ('glorb@bobson.com', 'ashuidgfashjkgd');
INSERT INTO users (us_email, us_password) VALUES ('blarb@bobson.com', 'ashuidgfashjkgd');
INSERT INTO users (us_email, us_password) VALUES ('snake@bobson.com', 'ashuidgfashjkgd');
INSERT INTO users (us_email, us_password) VALUES ('tallica@bobson.com', 'ashuidgfashjkgd');
INSERT INTO users (us_email, us_password) VALUES ('mengao@bobson.com', 'ashuidgfashjkgd');
INSERT INTO users (us_email, us_password) VALUES ('forbnite@bobson.com', 'ashuidgfashjkgd');
INSERT INTO users (us_email, us_password) VALUES ('ze@bobson.com', 'ashuidgfashjkgd');
INSERT INTO users (us_email, us_password) VALUES ('carlao@bobson.com', 'ashuidgfashjkgd');
INSERT INTO users (us_email, us_password) VALUES ('tonho@bobson.com', 'ashuidgfashjkgd');


-- b01_PERFIL
INSERT INTO b01_PERFIL(tipo) VALUES ('USUARIO');
INSERT INTO b01_PERFIL(tipo) VALUES ('ALUNO');
INSERT INTO b01_PERFIL(tipo) VALUES ('PROFESSOR');
INSERT INTO b01_PERFIL(tipo) VALUES ('ADMIN');
INSERT INTO b01_PERFIL(tipo) VALUES ('DBA');

-- b02_SERVICO
INSERT INTO b02_SERVICO(nome) VALUES ('cria_usuario');
INSERT INTO b02_SERVICO(nome) VALUES ('adiciona_pessoa');
INSERT INTO b02_SERVICO(nome) VALUES ('vira_professor');
INSERT INTO b02_SERVICO(nome) VALUES ('vira_aluno');
INSERT INTO b02_SERVICO(nome) VALUES ('vira_admin');
INSERT INTO b02_SERVICO(nome) VALUES ('adiciona_disciplina');
INSERT INTO b02_SERVICO(nome) VALUES ('adiciona_modulo');
INSERT INTO b02_SERVICO(nome) VALUES ('adiciona_trilha');
INSERT INTO b02_SERVICO(nome) VALUES ('adiciona_curriculo');
INSERT INTO b02_SERVICO(nome) VALUES ('inicia_curso');
INSERT INTO b02_SERVICO(nome) VALUES ('relaciona_curriculo_trilha');
INSERT INTO b02_SERVICO(nome) VALUES ('relaciona_trilha_modulo');
INSERT INTO b02_SERVICO(nome) VALUES ('relaciona_modulo_disciplina');
INSERT INTO b02_SERVICO(nome) VALUES ('planeja_disciplina');
INSERT INTO b02_SERVICO(nome) VALUES ('inicia_ministracao');
INSERT INTO b02_SERVICO(nome) VALUES ('inicia_administracao');
INSERT INTO b02_SERVICO(nome) VALUES ('oferece_ministracao');
INSERT INTO b02_SERVICO(nome) VALUES ('cursa_disciplina');
INSERT INTO b02_SERVICO(nome) VALUES ('muda_pnome');
INSERT INTO b02_SERVICO(nome) VALUES ('muda_snome');
INSERT INTO b02_SERVICO(nome) VALUES ('muda_satus_prof');
INSERT INTO b02_SERVICO(nome) VALUES ('muda_sala_prof');
INSERT INTO b02_SERVICO(nome) VALUES ('muda_status_aluno_no_curso');
INSERT INTO b02_SERVICO(nome) VALUES ('atualiza_encerramento_administracao');
INSERT INTO b02_SERVICO(nome) VALUES ('atualiza_nota_disciplina');
INSERT INTO b02_SERVICO(nome) VALUES ('atualiza_status_disciplina');
INSERT INTO b02_SERVICO(nome) VALUES ('remove_pessoa');
INSERT INTO b02_SERVICO(nome) VALUES ('remove_professor');
INSERT INTO b02_SERVICO(nome) VALUES ('remove_aluno');
INSERT INTO b02_SERVICO(nome) VALUES ('remove_admin');
INSERT INTO b02_SERVICO(nome) VALUES ('remove_disciplina');
INSERT INTO b02_SERVICO(nome) VALUES ('remove_modulo');
INSERT INTO b02_SERVICO(nome) VALUES ('remove_trilha');
INSERT INTO b02_SERVICO(nome) VALUES ('remove_curriculo');
INSERT INTO b02_SERVICO(nome) VALUES ('remove_curso');
INSERT INTO b02_SERVICO(nome) VALUES ('remove_rel_curriculo_trilha');
INSERT INTO b02_SERVICO(nome) VALUES ('remove_rel_trilha_modulo');
INSERT INTO b02_SERVICO(nome) VALUES ('remove_rel_modulo_disciplina');
INSERT INTO b02_SERVICO(nome) VALUES ('remove_planejamento');
INSERT INTO b02_SERVICO(nome) VALUES ('remove_ministracao');
INSERT INTO b02_SERVICO(nome) VALUES ('remove_administracao');
INSERT INTO b02_SERVICO(nome) VALUES ('remove_ministra');
INSERT INTO b02_SERVICO(nome) VALUES ('remove_cursa');
INSERT INTO b02_SERVICO(nome) VALUES ('pega_curriculos_admin');
INSERT INTO b02_SERVICO(nome) VALUES ('pega_curriculos_aluno');
INSERT INTO b02_SERVICO(nome) VALUES ('pega_oferecimentos_professor');
INSERT INTO b02_SERVICO(nome) VALUES ('pega_oferecimentos_semestre');
INSERT INTO b02_SERVICO(nome) VALUES ('pega_disciplinas_cursadas');
INSERT INTO b02_SERVICO(nome) VALUES ('pega_lista_de_desejos');
INSERT INTO b02_SERVICO(nome) VALUES ('pega_trilhas_de_curriculo');
INSERT INTO b02_SERVICO(nome) VALUES ('pega_modulos_de_trilha');
INSERT INTO b02_SERVICO(nome) VALUES ('pega_disciplinas_de_modulo');
INSERT INTO b02_SERVICO(nome) VALUES ('pega_disciplinas_cursadas_semestre');
INSERT INTO b02_SERVICO(nome) VALUES ('pega_disciplina');
INSERT INTO b02_SERVICO(nome) VALUES ('pega_alunos_em_curriculo');
INSERT INTO b02_SERVICO(nome) VALUES ('e_aluno');
INSERT INTO b02_SERVICO(nome) VALUES ('e_professor');
INSERT INTO b02_SERVICO(nome) VALUES ('e_admin');
INSERT INTO b02_SERVICO(nome) VALUES ('tem_acesso');

-- b03_PF_SE 
INSERT INTO b03_PF_SE(pf_tipo, se_nome) VALUES ('DBA', 'cria_usuario');
INSERT INTO b03_PF_SE(pf_tipo, se_nome) VALUES ('DBA', 'remove_professor');
INSERT INTO b03_PF_SE(pf_tipo, se_nome) VALUES ('DBA', 'remove_aluno');
INSERT INTO b03_PF_SE(pf_tipo, se_nome) VALUES ('DBA', 'remove_admin');
INSERT INTO b03_PF_SE(pf_tipo, se_nome) VALUES ('DBA', 'remove_curriculo');
INSERT INTO b03_PF_SE(pf_tipo, se_nome) VALUES ('DBA', 'remove_curso');
INSERT INTO b03_PF_SE(pf_tipo, se_nome) VALUES ('DBA', 'remove_ministracao');
INSERT INTO b03_PF_SE(pf_tipo, se_nome) VALUES ('DBA', 'remove_administracao');
INSERT INTO b03_PF_SE(pf_tipo, se_nome) VALUES ('DBA', 'remove_cursa');
INSERT INTO b03_PF_SE(pf_tipo, se_nome) VALUES ('DBA', 'inicia_administracao');
INSERT INTO b03_PF_SE(pf_tipo, se_nome) VALUES ('DBA', 'adiciona_pessoa');
INSERT INTO b03_PF_SE(pf_tipo, se_nome) VALUES ('DBA', 'vira_professor');
INSERT INTO b03_PF_SE(pf_tipo, se_nome) VALUES ('DBA', 'vira_aluno');
INSERT INTO b03_PF_SE(pf_tipo, se_nome) VALUES ('DBA', 'vira_admin');
INSERT INTO b03_PF_SE(pf_tipo, se_nome) VALUES ('DBA', 'adiciona_curriculo');
INSERT INTO b03_PF_SE(pf_tipo, se_nome) VALUES ('DBA', 'muda_satus_prof');
INSERT INTO b03_PF_SE(pf_tipo, se_nome) VALUES ('DBA', 'remove_pessoa');
INSERT INTO b03_PF_SE(pf_tipo, se_nome) VALUES ('DBA', 'atualiza_encerramento_administracao');
INSERT INTO b03_PF_SE(pf_tipo, se_nome) VALUES ('ADMIN', 'adiciona_disciplina');
INSERT INTO b03_PF_SE(pf_tipo, se_nome) VALUES ('ADMIN', 'adiciona_modulo');
INSERT INTO b03_PF_SE(pf_tipo, se_nome) VALUES ('ADMIN', 'adiciona_trilha');
INSERT INTO b03_PF_SE(pf_tipo, se_nome) VALUES ('ADMIN', 'inicia_curso');
INSERT INTO b03_PF_SE(pf_tipo, se_nome) VALUES ('ADMIN', 'relaciona_curriculo_trilha');
INSERT INTO b03_PF_SE(pf_tipo, se_nome) VALUES ('ADMIN', 'oferece_ministracao');
INSERT INTO b03_PF_SE(pf_tipo, se_nome) VALUES ('ADMIN', 'cursa_disciplina');
INSERT INTO b03_PF_SE(pf_tipo, se_nome) VALUES ('ADMIN', 'relaciona_trilha_modulo');
INSERT INTO b03_PF_SE(pf_tipo, se_nome) VALUES ('ADMIN', 'relaciona_modulo_disciplina');
INSERT INTO b03_PF_SE(pf_tipo, se_nome) VALUES ('ADMIN', 'atualiza_status_disciplina');
INSERT INTO b03_PF_SE(pf_tipo, se_nome) VALUES ('ADMIN', 'remove_rel_curriculo_trilha');
INSERT INTO b03_PF_SE(pf_tipo, se_nome) VALUES ('ADMIN', 'remove_rel_trilha_modulo');
INSERT INTO b03_PF_SE(pf_tipo, se_nome) VALUES ('ADMIN', 'remove_rel_modulo_disciplina');
INSERT INTO b03_PF_SE(pf_tipo, se_nome) VALUES ('ADMIN', 'remove_disciplina');
INSERT INTO b03_PF_SE(pf_tipo, se_nome) VALUES ('ADMIN', 'remove_modulo');
INSERT INTO b03_PF_SE(pf_tipo, se_nome) VALUES ('ADMIN', 'remove_trilha');
INSERT INTO b03_PF_SE(pf_tipo, se_nome) VALUES ('ADMIN', 'muda_status_aluno_no_curso');
INSERT INTO b03_PF_SE(pf_tipo, se_nome) VALUES ('ADMIN', 'remove_ministra');
INSERT INTO b03_PF_SE(pf_tipo, se_nome) VALUES ('ALUNO', 'planeja_disciplina');
INSERT INTO b03_PF_SE(pf_tipo, se_nome) VALUES ('ALUNO', 'remove_planejamento');
INSERT INTO b03_PF_SE(pf_tipo, se_nome) VALUES ('USUARIO', 'muda_pnome');
INSERT INTO b03_PF_SE(pf_tipo, se_nome) VALUES ('USUARIO', 'muda_snome');
INSERT INTO b03_PF_SE(pf_tipo, se_nome) VALUES ('PROFESSOR', 'muda_sala_prof');
INSERT INTO b03_PF_SE(pf_tipo, se_nome) VALUES ('PROFESSOR', 'atualiza_nota_disciplina');
INSERT INTO b03_PF_SE(pf_tipo, se_nome) VALUES ('PROFESSOR', 'inicia_ministracao');
INSERT INTO b03_PF_SE(pf_tipo, se_nome) VALUES ('ADMIN', 'pega_curriculos_admin');
INSERT INTO b03_PF_SE(pf_tipo, se_nome) VALUES ('ADMIN', 'pega_curriculos_aluno');
INSERT INTO b03_PF_SE(pf_tipo, se_nome) VALUES ('USUARIO', 'pega_oferecimentos_professor');
INSERT INTO b03_PF_SE(pf_tipo, se_nome) VALUES ('USUARIO', 'pega_oferecimentos_semestre');
INSERT INTO b03_PF_SE(pf_tipo, se_nome) VALUES ('USUARIO', 'pega_disciplinas_cursadas');
INSERT INTO b03_PF_SE(pf_tipo, se_nome) VALUES ('ALUNO', 'pega_lista_de_desejos');
INSERT INTO b03_PF_SE(pf_tipo, se_nome) VALUES ('USUARIO', 'pega_trilhas_de_curriculo');
INSERT INTO b03_PF_SE(pf_tipo, se_nome) VALUES ('USUARIO', 'pega_modulos_de_trilha');
INSERT INTO b03_PF_SE(pf_tipo, se_nome) VALUES ('USUARIO', 'pega_disciplinas_de_modulo');
INSERT INTO b03_PF_SE(pf_tipo, se_nome) VALUES ('USUARIO', 'pega_disciplinas_cursadas_semestre');
INSERT INTO b03_PF_SE(pf_tipo, se_nome) VALUES ('USUARIO', 'pega_disciplina');
INSERT INTO b03_PF_SE(pf_tipo, se_nome) VALUES ('USUARIO', 'pega_alunos_em_curriculo');
INSERT INTO b03_PF_SE(pf_tipo, se_nome) VALUES ('USUARIO', 'e_aluno');
INSERT INTO b03_PF_SE(pf_tipo, se_nome) VALUES ('USUARIO', 'e_professor');
INSERT INTO b03_PF_SE(pf_tipo, se_nome) VALUES ('USUARIO', 'e_admin');
INSERT INTO b03_PF_SE(pf_tipo, se_nome) VALUES ('USUARIO', 'tem_acesso');

-- b04_US_PF
INSERT INTO b04_US_PF(us_id, pf_tipo) SELECT us_id, 'DBA' FROM users WHERE us_email='bob@bobson.com';
INSERT INTO b04_US_PF(us_id, pf_tipo) SELECT us_id, 'ADMIN' FROM users WHERE us_email='bob@bobson.com';
INSERT INTO b04_US_PF(us_id, pf_tipo) SELECT us_id, 'ALUNO' FROM users WHERE us_email='bob@bobson.com';
INSERT INTO b04_US_PF(us_id, pf_tipo) SELECT us_id, 'PROFESSOR' FROM users WHERE us_email='bob@bobson.com';
INSERT INTO b04_US_PF(us_id, pf_tipo) SELECT us_id, 'ADMIN' FROM users WHERE us_email='glorb@bobson.com';
INSERT INTO b04_US_PF(us_id, pf_tipo) SELECT us_id, 'ALUNO' FROM users WHERE us_email='glorb@bobson.com';
INSERT INTO b04_US_PF(us_id, pf_tipo) SELECT us_id, 'PROFESSOR' FROM users WHERE us_email='glorb@bobson.com';
INSERT INTO b04_US_PF(us_id, pf_tipo) SELECT us_id, 'ADMIN' FROM users WHERE us_email='blarb@bobson.com';
INSERT INTO b04_US_PF(us_id, pf_tipo) SELECT us_id, 'ALUNO' FROM users WHERE us_email='blarb@bobson.com';
INSERT INTO b04_US_PF(us_id, pf_tipo) SELECT us_id, 'PROFESSOR' FROM users WHERE us_email='blarb@bobson.com';
INSERT INTO b04_US_PF(us_id, pf_tipo) SELECT us_id, 'ADMIN' FROM users WHERE us_email='snake@bobson.com';
INSERT INTO b04_US_PF(us_id, pf_tipo) SELECT us_id, 'ALUNO' FROM users WHERE us_email='snake@bobson.com';
INSERT INTO b04_US_PF(us_id, pf_tipo) SELECT us_id, 'PROFESSOR' FROM users WHERE us_email='snake@bobson.com';
INSERT INTO b04_US_PF(us_id, pf_tipo) SELECT us_id, 'ADMIN' FROM users WHERE us_email='tallica@bobson.com';
INSERT INTO b04_US_PF(us_id, pf_tipo) SELECT us_id, 'ALUNO' FROM users WHERE us_email='tallica@bobson.com';
INSERT INTO b04_US_PF(us_id, pf_tipo) SELECT us_id, 'PROFESSOR' FROM users WHERE us_email='tallica@bobson.com';
INSERT INTO b04_US_PF(us_id, pf_tipo) SELECT us_id, 'ADMIN' FROM users WHERE us_email='mengao@bobson.com';
INSERT INTO b04_US_PF(us_id, pf_tipo) SELECT us_id, 'ALUNO' FROM users WHERE us_email='mengao@bobson.com';
INSERT INTO b04_US_PF(us_id, pf_tipo) SELECT us_id, 'PROFESSOR' FROM users WHERE us_email='mengao@bobson.com';
INSERT INTO b04_US_PF(us_id, pf_tipo) SELECT us_id, 'ADMIN' FROM users WHERE us_email='forbnite@bobson.com';
INSERT INTO b04_US_PF(us_id, pf_tipo) SELECT us_id, 'ALUNO' FROM users WHERE us_email='forbnite@bobson.com';
INSERT INTO b04_US_PF(us_id, pf_tipo) SELECT us_id, 'PROFESSOR' FROM users WHERE us_email='forbnite@bobson.com';
INSERT INTO b04_US_PF(us_id, pf_tipo) SELECT us_id, 'ADMIN' FROM users WHERE us_email='ze@bobson.com';
INSERT INTO b04_US_PF(us_id, pf_tipo) SELECT us_id, 'ALUNO' FROM users WHERE us_email='ze@bobson.com';
INSERT INTO b04_US_PF(us_id, pf_tipo) SELECT us_id, 'PROFESSOR' FROM users WHERE us_email='ze@bobson.com';
INSERT INTO b04_US_PF(us_id, pf_tipo) SELECT us_id, 'ADMIN' FROM users WHERE us_email='carlao@bobson.com';
INSERT INTO b04_US_PF(us_id, pf_tipo) SELECT us_id, 'ALUNO' FROM users WHERE us_email='carlao@bobson.com';
INSERT INTO b04_US_PF(us_id, pf_tipo) SELECT us_id, 'PROFESSOR' FROM users WHERE us_email='carlao@bobson.com';
INSERT INTO b04_US_PF(us_id, pf_tipo) SELECT us_id, 'ADMIN' FROM users WHERE us_email='tonho@bobson.com';
INSERT INTO b04_US_PF(us_id, pf_tipo) SELECT us_id, 'ALUNO' FROM users WHERE us_email='tonho@bobson.com';
INSERT INTO b04_US_PF(us_id, pf_tipo) SELECT us_id, 'PROFESSOR' FROM users WHERE us_email='tonho@bobson.com';
